USE [master]
GO

CREATE DATABASE [trek]
GO
USE [trek]
GO


-- Drop tables in reverse order of creation due to foreign key dependencies
DROP TABLE IF EXISTS Character_Species;
DROP TABLE IF EXISTS Series_Character;
DROP TABLE IF EXISTS Character;
DROP TABLE IF EXISTS Species;
DROP TABLE IF EXISTS Actor;
DROP TABLE IF EXISTS Series;
DROP TABLE IF EXISTS Planet;

-- create tables
CREATE TABLE Series (
    Id INT PRIMARY KEY,
    Name NVARCHAR(255) NOT NULL
);

CREATE TABLE Actor (
    Id INT PRIMARY KEY,
    Name NVARCHAR(255) NOT NULL,
    [BirthYear] INT NOT NULL
);

CREATE TABLE Species (
    Id INT PRIMARY KEY,
    Name NVARCHAR(255) NOT NULL
);

CREATE TABLE Character (
    Id INT PRIMARY KEY,
    Name NVARCHAR(255) NOT NULL,
    ActorId INT NOT NULL,
    Stardate DECIMAL(10, 2),
    FOREIGN KEY (ActorId) REFERENCES Actor(Id)
);

CREATE TABLE Series_Character (
    SeriesId INT,
    CharacterId INT,
	Role VARCHAR(500),
    FOREIGN KEY (SeriesId) REFERENCES Series(Id),
    FOREIGN KEY (CharacterId) REFERENCES Character(Id),
    PRIMARY KEY (SeriesId, CharacterId)
);

CREATE TABLE Character_Species (
    CharacterId INT,
    SpeciesId INT,
    FOREIGN KEY (CharacterId) REFERENCES Character(Id),
    FOREIGN KEY (SpeciesId) REFERENCES Species(Id),
    PRIMARY KEY (CharacterId, SpeciesId)
);

CREATE TABLE Planet (
    Id INT PRIMARY KEY,
    Name NVARCHAR(255) NOT NULL,
    Coordinates NVARCHAR(255) NOT NULL
);


-- create data
INSERT INTO Series (Id, Name) VALUES 
	(1, 'Star Trek'),
	(2, 'Star Trek: The Next Generation'),
	(3, 'Star Trek: Voyager'),
	(4, 'Star Trek: Deep Space Nine'),
	(5, 'Star Trek: Enterprise');

INSERT INTO Species (Id, Name) VALUES 
    (1, 'Human'),
    (2, 'Vulcan'),
    (3, 'Android'),
    (4, 'Klingon'),
    (5, 'Betazoid'),
    (6, 'Hologram'),
    (7, 'Bajoran'),
    (8, 'Changeling'),
    (9, 'Trill'),
    (10, 'Ferengi'),
    (11, 'Denobulan'),
    (12, 'Borg');

INSERT INTO Actor (Id, Name, [BirthYear]) VALUES 
    (1, 'William Shatner', 1931),
    (2, 'Leonard Nimoy', 1931),
    (3, 'DeForest Kelley', 1920),
    (4, 'James Doohan', 1920),
    (5, 'Nichelle Nichols', 1932),
    (6, 'George Takei', 1937),
    (7, 'Walter Koenig', 1936),
    (8, 'Patrick Stewart', 1940),
    (9, 'Jonathan Frakes', 1952),
    (10, 'Brent Spiner', 1949),
    (11, 'Michael Dorn', 1952),
    (12, 'Gates McFadden', 1949),
    (13, 'Marina Sirtis', 1955),
    (14, 'LeVar Burton', 1957),
    (15, 'Kate Mulgrew', 1955),
    (16, 'Robert Beltran', 1953),
    (17, 'Tim Russ', 1956),
    (18, 'Roxann Dawson', 1958),
    (19, 'Robert Duncan McNeill', 1964),
    (20, 'Garrett Wang', 1968),
    (21, 'Robert Picardo', 1953),
    (22, 'Jeri Ryan', 1968),
    (23, 'Avery Brooks', 1948),
    (24, 'Nana Visitor', 1957),
    (25, 'Rene Auberjonois', 1940),
    (26, 'Terry Farrell', 1963),
    (27, 'Alexander Siddig', 1965),
    (28, 'Armin Shimerman', 1949),
    (29, 'Cirroc Lofton', 1978),
    (30, 'Scott Bakula', 1954),
    (31, 'Jolene Blalock', 1975),
    (32, 'John Billingsley', 1960),
    (33, 'Connor Trinneer', 1969),
    (34, 'Dominic Keating', 1962),
    (35, 'Linda Park', 1978),
    (36, 'Anthony Montgomery', 1971);

-- Fake Extra Actors
INSERT INTO Actor (Id, Name, [BirthYear]) VALUES 
(100, 'Amalia Gerlach', 2009),
(101, 'Jessy Larkin', 1954),
(102, 'Sabina Oberbrunner', 1964),
(103, 'Susie Adams', 1926),
(104, 'Candido Keebler', 1990),
(105, 'Ezra Kulas', 1978),
(106, 'Tanya Von', 1959),
(107, 'Roscoe Heaney', 1961),
(108, 'Earline Dicki', 1924),
(109, 'Nick Glover', 1975),
(110, 'Ilene Heathcote', 2016),
(111, 'Luz Prohaska', 2000),
(112, 'Emanuel Krajcik', 1954),
(113, 'Marcia Rempel', 1949),
(114, 'Creola Lubowitz', 1965),
(115, 'Judge Lakin', 1951),
(116, 'Jazmin Frami', 1966),
(117, 'Tatyana Sauer', 1933),
(118, 'Golda Douglas', 2010),
(119, 'Jedediah Erdman', 1952),
(120, 'Elisha Breitenberg', 1957),
(121, 'Sonya Kohler', 1985),
(122, 'Astrid Lakin', 1991),
(123, 'Soledad Bartoletti', 1921),
(124, 'Dell Flatley', 1938),
(125, 'Axel Nader', 1998),
(126, 'Verlie Roob', 1987),
(127, 'Misty Glover', 1922),
(128, 'Asha Legros', 1975),
(129, 'Rose Funk', 1969),
(130, 'Sonya Shanahan', 1945),
(131, 'Albertha Hills', 1981),
(132, 'Theresia Hamill', 1928),
(133, 'Pete Kerluke', 1920),
(134, 'Laurianne McLaughlin', 1941),
(135, 'Jacinto Orn', 1973),
(136, 'Tyrel Gulgowski', 1976),
(137, 'Brandt Lemke', 1965),
(138, 'Loyce Mayert', 2002),
(139, 'Federico Schowalter', 2012),
(140, 'Bartholome Frami', 1945),
(141, 'Dannie Zulauf', 1940),
(142, 'Noemi Fadel', 2006),
(143, 'Kendrick Daniel', 1951),
(144, 'Mayra Crooks', 1951),
(145, 'Marjory Champlin', 1987),
(146, 'Raoul Nader', 2005),
(147, 'Al Turcotte', 2014),
(148, 'Toby Runte', 1949),
(149, 'Percy Howe', 1998),
(150, 'Otto Marvin', 1970),
(151, 'Camilla Pouros', 1938),
(152, 'Ned Hills', 1978),
(153, 'Adah Powlowski', 1963),
(154, 'Marc Hoeger', 1932),
(155, 'Deonte Kassulke', 1956),
(156, 'Broderick Wilkinson', 1964),
(157, 'Carmelo Lind', 1937),
(158, 'Arch Bode', 1953),
(159, 'Eliezer Gulgowski', 1942),
(160, 'Tamara Wintheiser', 2002),
(161, 'Arno Sauer', 1979),
(162, 'Rae Lueilwitz', 1966),
(163, 'Brenda Wehner', 1995),
(164, 'Ashley Schoen', 2012),
(165, 'Hazle Hermann', 1971),
(166, 'Rico Padberg', 1954),
(167, 'Thurman O''Kon', 1962),
(168, 'Eva Muller', 1923),
(169, 'Esmeralda Blanda', 1980),
(170, 'Roslyn Kirlin', 1926),
(171, 'Francesco Boyer', 1992),
(172, 'Leilani McDermott', 1979),
(173, 'Joy King', 2006),
(174, 'Steve Adams', 1921),
(175, 'Maryjane Bernier', 1992),
(176, 'Davin O''Kon', 1992),
(177, 'Reed Konopelski', 1981),
(178, 'Shawn Yost', 1950),
(179, 'Hailee Robel', 1935),
(180, 'Kendra Kreiger', 1967),
(181, 'Russ Grady', 1968),
(182, 'Marvin Reinger', 1990),
(183, 'Cory Schultz', 1996),
(184, 'Theodore Hagenes', 1942),
(185, 'Jarod Bahringer', 1984),
(186, 'Hanna O''Conner', 1974),
(187, 'Elmira Botsford', 1961),
(188, 'Shaun Bartell', 2017),
(189, 'Isaiah Kris', 1930),
(190, 'Hayley Dietrich', 2003),
(191, 'Irving Williamson', 2016),
(192, 'Glenna Beahan', 1991),
(193, 'Justice Abbott', 1954),
(194, 'Akeem Balistreri', 2003),
(195, 'Vickie Treutel', 1935),
(196, 'Glen Jast', 2015),
(197, 'Makayla Zieme', 1929),
(198, 'Layla Gerlach', 1957),
(199, 'Andreane Witting', 1944),
(200, 'Jody Flatley', 1944),
(201, 'Lazaro Schimmel', 1981),
(202, 'Thurman Kreiger', 1954),
(203, 'Desmond Bode', 2016),
(204, 'Thaddeus Thompson', 1984),
(205, 'Corene Graham', 1926),
(206, 'Kip Walker', 1933),
(207, 'Reuben Becker', 1926),
(208, 'Burley Romaguera', 1939),
(209, 'Nettie Sporer', 1989),
(210, 'Lafayette Harvey', 1927),
(211, 'Jarrell Bailey', 1995),
(212, 'Ayana Johnston', 1943),
(213, 'Dane Barton', 1961),
(214, 'Quinn Collins', 1952),
(215, 'Yasmine Roberts', 1931),
(216, 'Imelda Huel', 2016),
(217, 'Emery Kub', 1924),
(218, 'Blair Parker', 1938),
(219, 'Chauncey Klocko', 1923),
(220, 'Hazle Daniel', 1982),
(221, 'Madaline Ortiz', 1993),
(222, 'Stephan Kilback', 2004),
(223, 'Sidney Brown', 2005),
(224, 'Robbie Heller', 2007),
(225, 'Meta Aufderhar', 2010),
(226, 'Myrtle Crist', 1921),
(227, 'Arthur Hackett', 1964),
(228, 'Modesto Goodwin', 2004),
(229, 'Alda Hermiston', 1953),
(230, 'Kianna VonRueden', 2015),
(231, 'Clementina Schoen', 2005),
(232, 'Paige Corwin', 1966),
(233, 'Krystal Bogisich', 1949),
(234, 'Desmond Lueilwitz', 1947),
(235, 'Bernadette Kshlerin', 1933),
(236, 'Carolyn Jakubowski', 1985),
(237, 'Domenic Kessler', 1949),
(238, 'Alejandra Harvey', 2005),
(239, 'Chesley Ward', 1959),
(240, 'Skye Swift', 1928),
(241, 'Jorge Halvorson', 1938),
(242, 'Steve Nikolaus', 1973),
(243, 'Alec Walter', 2005),
(244, 'Iva Crist', 1926),
(245, 'Michaela Shields', 1994),
(246, 'Chad Morissette', 1998),
(247, 'Milo Stracke', 2014),
(248, 'Marietta Haag', 1967),
(249, 'Makenna Cummerata', 1966),
(250, 'Zella Moen', 1942),
(251, 'Antonina Pollich', 1941),
(252, 'Corine Robel', 1943),
(253, 'Ashton DuBuque', 2003),
(254, 'Kyra Collins', 1967),
(255, 'Pedro Schumm', 1947),
(256, 'Daron Hahn', 1970),
(257, 'Berta Adams', 1950),
(258, 'Leila Daniel', 1921),
(259, 'Brielle Smith', 1921),
(260, 'Mercedes Fisher', 1966),
(261, 'Antonio Bartell', 1951),
(262, 'Lula Hoeger', 1966),
(263, 'Ruben Lakin', 1928),
(264, 'Josefina Boehm', 1960),
(265, 'Ursula Cole', 1992),
(266, 'Jaquelin Torphy', 1968),
(267, 'Clovis Keeling', 2004),
(268, 'Violette Torp', 1979),
(269, 'Tamia Koss', 1971),
(270, 'Colten Bins', 2009),
(271, 'Dana Hodkiewicz', 2015),
(272, 'Freeman Larkin', 1930),
(273, 'Carlie Cormier', 1963),
(274, 'Reagan Hoeger', 1999),
(275, 'Helen Mertz', 2011),
(276, 'Stella O''Keefe', 1924),
(277, 'Ebba O''Reilly', 2014),
(278, 'Judge Langworth', 2000),
(279, 'Libbie Breitenberg', 1934),
(280, 'Mitchel Rice', 2010),
(281, 'Uriel O''Conner', 1962),
(282, 'Chloe Greenholt', 1989),
(283, 'Isabell McClure', 1981),
(284, 'Lilyan Halvorson', 1993),
(285, 'Amari Homenick', 1924),
(286, 'Alysson Little', 1948),
(287, 'Mariah Anderson', 2000),
(288, 'Jarrett VonRueden', 1960),
(289, 'Vella Price', 2005),
(290, 'Carley Rohan', 1960),
(291, 'Vesta Kemmer', 1961),
(292, 'Julien Stroman', 1992),
(293, 'Garett Ferry', 1949),
(294, 'Cullen Kling', 1927),
(295, 'Henriette Olson', 1954),
(296, 'Craig Krajcik', 1932),
(297, 'Noe Marks', 1975),
(298, 'Russell Beahan', 1991),
(299, 'Ava Kozey', 1992),
(300, 'Albin Fay', 1978),
(301, 'Romaine Greenfelder', 2002),
(302, 'Cornell Ondricka', 2007),
(303, 'Enos Lebsack', 1970),
(304, 'Emory Padberg', 1950),
(305, 'Yadira Koelpin', 1975),
(306, 'Nadia Bechtelar', 1945),
(307, 'Angelica Robel', 1942),
(308, 'Murphy Hyatt', 1937),
(309, 'Rosalee Brakus', 1958),
(310, 'Mathias Keeling', 1959),
(311, 'Zena Heidenreich', 1921),
(312, 'Melissa Hirthe', 1936),
(313, 'Deangelo Emard', 2018),
(314, 'Jamaal Towne', 2014),
(315, 'Lexie Kessler', 2008),
(316, 'Destinee Stroman', 1978),
(317, 'Casper Hermiston', 1961),
(318, 'Jaquelin Windler', 1968),
(319, 'Freida Breitenberg', 2008),
(320, 'Mackenzie Hilll', 1975),
(321, 'Jesse Murray', 1929),
(322, 'Birdie Hane', 1952),
(323, 'Eleazar Goyette', 1928),
(324, 'Glenda Kuphal', 2003),
(325, 'Dewayne Metz', 2004),
(326, 'Donnell Carroll', 2014),
(327, 'Ebony McDermott', 1943),
(328, 'Peyton Legros', 1927),
(329, 'Weldon Ledner', 1958),
(330, 'Joyce Hayes', 1946),
(331, 'Dominic McKenzie', 2003),
(332, 'Howell Wintheiser', 1945),
(333, 'Sadie Kuphal', 1931),
(334, 'Keshaun Windler', 1978),
(335, 'Joannie Russel', 2004),
(336, 'Kristina Ebert', 1956),
(337, 'Lottie Boyer', 2017),
(338, 'Tremaine Hills', 1997),
(339, 'Ericka Prohaska', 1930),
(340, 'Agustina Considine', 1999),
(341, 'Turner Rutherford', 2013),
(342, 'Rasheed Casper', 2009),
(343, 'Yvette Shields', 1982),
(344, 'Laurel Jenkins', 1981),
(345, 'Rosanna Rau', 1981),
(346, 'Luna Greenholt', 1994),
(347, 'Crystel Huel', 1950),
(348, 'Agustina Torphy', 1944),
(349, 'Dylan Hartmann', 1941),
(350, 'Anna Brekke', 1946),
(351, 'Cara Sporer', 1955),
(352, 'Elvera Murazik', 1938),
(353, 'Lyda Pollich', 1984),
(354, 'Ursula McLaughlin', 1957),
(355, 'Mylene Bauch', 1987),
(356, 'Friedrich Borer', 1984),
(357, 'Carole Parisian', 1960),
(358, 'Fatima Schmidt', 1994),
(359, 'Jeffery Walsh', 2007),
(360, 'Max Lesch', 1998),
(361, 'Martina Walsh', 1991),
(362, 'Frederic Kessler', 1976),
(363, 'Dianna Lesch', 1928),
(364, 'Hilma Zulauf', 1979),
(365, 'Bernard Gleichner', 1999),
(366, 'Tobin Goyette', 2003),
(367, 'Kaylie Vandervort', 1944),
(368, 'Kennedy Ullrich', 1962),
(369, 'Rupert Schoen', 1924),
(370, 'Leda Senger', 1989),
(371, 'Elmer Wiegand', 1935),
(372, 'Russell Gibson', 1985),
(373, 'Mandy Hilpert', 1979),
(374, 'Blanche Breitenberg', 1975),
(375, 'Kenneth Renner', 1987),
(376, 'Rae Fisher', 1972),
(377, 'Valerie Macejkovic', 1983),
(378, 'Allen Connelly', 1981),
(379, 'Katarina Cartwright', 1922),
(380, 'Edyth Langosh', 1982),
(381, 'Joyce Olson', 1990),
(382, 'Gianni Cassin', 1924),
(383, 'Isac Funk', 1920),
(384, 'Brianne Gislason', 2010),
(385, 'Dean Kertzmann', 1999),
(386, 'Marques Zulauf', 1937),
(387, 'Nathen Beahan', 1976),
(388, 'Johann O''Hara', 1946),
(389, 'Anabelle Gislason', 2000),
(390, 'Justyn Hagenes', 1933),
(391, 'Lula Hodkiewicz', 2005),
(392, 'Vladimir Metz', 1964),
(393, 'Rosalinda Daugherty', 1979),
(394, 'Lorenza Hessel', 2017),
(395, 'Julius Schultz', 1949),
(396, 'Murl Schmidt', 1989),
(397, 'Rebecca Stoltenberg', 1932),
(398, 'Rosanna Littel', 1965),
(399, 'Annabelle Ankunding', 1920),
(400, 'Isidro Harris', 2005),
(401, 'Davin Volkman', 2013),
(402, 'Sandra Kuhn', 2007),
(403, 'Amber Goldner', 2003),
(404, 'Forest Spinka', 2001),
(405, 'Keshawn Brown', 1988),
(406, 'Kole Wuckert', 2002),
(407, 'Vito Hand', 1965),
(408, 'Benjamin Ratke', 1964),
(409, 'Adrienne Schmidt', 2002),
(410, 'Graham Turcotte', 1977),
(411, 'Hoyt Hyatt', 2003),
(412, 'Natasha Hyatt', 1964),
(413, 'Alvah Olson', 1952),
(414, 'Haley Paucek', 1972),
(415, 'Samanta Koch', 1921),
(416, 'Elisha Gorczany', 1962),
(417, 'Ollie Kuhlman', 1923),
(418, 'Celia Kshlerin', 1920),
(419, 'Gracie Cole', 1939),
(420, 'Jerome Stark', 1988),
(421, 'Amina O''Hara', 1956),
(422, 'Derek Walsh', 1964),
(423, 'Wayne Shanahan', 1990),
(424, 'Dee Lesch', 1951),
(425, 'Johnny Lynch', 1983),
(426, 'Trenton Flatley', 1945),
(427, 'Hilbert Ratke', 1971),
(428, 'Greyson Muller', 1961),
(429, 'Kathryn Gislason', 2010),
(430, 'Rodrick Heidenreich', 1946),
(431, 'Declan Lowe', 2000),
(432, 'Lorna Hermiston', 1923),
(433, 'Carmel Monahan', 1972),
(434, 'Kianna Harber', 1964),
(435, 'Michel Lehner', 2014),
(436, 'Michael Olson', 2011),
(437, 'Gabriella Koelpin', 2008),
(438, 'Tyshawn Bergstrom', 1933),
(439, 'Cassidy O''Conner', 1922),
(440, 'Vena Prosacco', 1985),
(441, 'Juwan Collins', 1967),
(442, 'Itzel Abbott', 2017),
(443, 'Johann Terry', 1939),
(444, 'Lemuel Satterfield', 1982),
(445, 'Mireille Steuber', 1958),
(446, 'Antonina Pfannerstill', 1929),
(447, 'Jake Smith', 1979),
(448, 'Yazmin Konopelski', 2007),
(449, 'Garfield Gulgowski', 1967),
(450, 'Margarett Kovacek', 1989),
(451, 'Abelardo Doyle', 2009),
(452, 'Scarlett Batz', 1939),
(453, 'Weldon Gleason', 1972),
(454, 'Vito DuBuque', 1997),
(455, 'Mittie Runolfsdottir', 1987),
(456, 'Devan Fahey', 1940),
(457, 'Neva Botsford', 2015),
(458, 'Toney Kulas', 2005),
(459, 'Anastacio Littel', 1986),
(460, 'Laisha Blick', 1989),
(461, 'Joannie Smith', 1960),
(462, 'Jermain Mills', 1977),
(463, 'Mohamed Stanton', 2000),
(464, 'Clemmie Boyle', 1961),
(465, 'Kenyatta Kunze', 1982),
(466, 'Reba Gleason', 1989),
(467, 'Cora Bruen', 1927),
(468, 'Don Waelchi', 1957),
(469, 'Naomie Bins', 1990),
(470, 'Alisa Schultz', 1969),
(471, 'Juana Howe', 1938),
(472, 'Retha Koepp', 1956),
(473, 'Genesis Fay', 1936),
(474, 'Belle Lesch', 1957),
(475, 'Godfrey Lynch', 2018),
(476, 'Kariane Hickle', 2018),
(477, 'Dasia Fisher', 1947),
(478, 'Viva Hoppe', 2015),
(479, 'London Feest', 2010),
(480, 'Alexander Rolfson', 1972),
(481, 'Samara Pfannerstill', 1923),
(482, 'Emmalee Osinski', 1990),
(483, 'Darrel Roberts', 1923),
(484, 'Devyn Kessler', 1923),
(485, 'Kallie Brakus', 1977),
(486, 'Max Terry', 1956),
(487, 'Genevieve Dooley', 1990),
(488, 'Mia Schmitt', 1977),
(489, 'Daisha Luettgen', 1920),
(490, 'Dandre Dickinson', 1942),
(491, 'Jace Heidenreich', 1967),
(492, 'Lora Fisher', 2003),
(493, 'Eve Blanda', 2007),
(494, 'Ebba Hagenes', 1981),
(495, 'Viola Wolf', 1999),
(496, 'Dayton Keebler', 1947),
(497, 'Gerard Watsica', 1955),
(498, 'Katlynn O''Conner', 1974),
(499, 'Reginald Corwin', 2007),
(500, 'Jacques Bradtke', 1931),
(501, 'Meredith Altenwerth', 1974),
(502, 'Quinten Schowalter', 1928),
(503, 'Keaton Ullrich', 2005),
(504, 'Morton Hermiston', 1999),
(505, 'Jason Boyer', 2008),
(506, 'Ashton Rohan', 2001),
(507, 'Onie Wolff', 1932),
(508, 'Miracle Spencer', 1945),
(509, 'Santina Turcotte', 1989),
(510, 'Theron Schroeder', 1928),
(511, 'Vince Torp', 2016),
(512, 'Ola Marquardt', 1949),
(513, 'Ansel Cronin', 1936),
(514, 'Merl Parker', 1971),
(515, 'Hazel O''Hara', 1977),
(516, 'Keegan Blanda', 1974),
(517, 'Malinda Reynolds', 1959),
(518, 'Andreane Paucek', 1931),
(519, 'Xavier Yundt', 1936),
(520, 'Einar Weber', 2009),
(521, 'Gladyce Nicolas', 1929),
(522, 'Opal Runte', 1966),
(523, 'Ressie Quigley', 1971),
(524, 'Lacy Aufderhar', 1978),
(525, 'Magdalen Berge', 1949),
(526, 'Lennie Gutmann', 1938),
(527, 'Marion Hagenes', 2001),
(528, 'Buck Gerlach', 1927),
(529, 'Marlene Turner', 1939),
(530, 'Rudy Sawayn', 1977),
(531, 'Brennan Satterfield', 1942),
(532, 'Devante Hamill', 1924),
(533, 'Herminia Nolan', 2007),
(534, 'Bennie Rice', 1956),
(535, 'Alexander Blick', 1990),
(536, 'Randi Jacobi', 1981),
(537, 'Reva Hoeger', 1987),
(538, 'Willa Monahan', 1981),
(539, 'Arjun Friesen', 1957),
(540, 'Aglae Borer', 2005),
(541, 'Dominic Wisozk', 2011),
(542, 'Triston Klocko', 1943),
(543, 'Fredy Jacobs', 1993),
(544, 'Dell Davis', 1985),
(545, 'Ellie Marvin', 1976),
(546, 'Jailyn Bruen', 1938),
(547, 'Frederic Swift', 1970),
(548, 'Kristina Bartell', 1959),
(549, 'Sophie Corwin', 1936),
(550, 'Lauryn Davis', 1926),
(551, 'Margarett Jast', 1974),
(552, 'Aisha Smith', 1995),
(553, 'Ima Borer', 1981),
(554, 'Jannie Kilback', 2018),
(555, 'Seamus Mayert', 1939),
(556, 'Alec Pagac', 1923),
(557, 'Amelie Mosciski', 1933),
(558, 'Clement O''Conner', 1941),
(559, 'Floy Pfeffer', 2012),
(560, 'Jovanny Baumbach', 1950),
(561, 'Antonina Russel', 1941),
(562, 'Maria Mayer', 1996),
(563, 'Benny Graham', 1993),
(564, 'Rafaela Auer', 1922),
(565, 'Kelli Trantow', 1962),
(566, 'Jocelyn Quigley', 1964),
(567, 'Conner Strosin', 1966),
(568, 'Bria Lockman', 1975),
(569, 'Tony Kris', 1995),
(570, 'Ethyl Olson', 1934),
(571, 'Rhianna Waelchi', 1924),
(572, 'Emilia Jacobs', 1986),
(573, 'Osbaldo Dooley', 1920),
(574, 'Hettie VonRueden', 1958),
(575, 'Eleonore Frami', 1979),
(576, 'Bessie Murray', 1994),
(577, 'Paolo Stehr', 2017),
(578, 'Jeanie Hamill', 1937),
(579, 'Richard Wehner', 1942),
(580, 'Madilyn Roberts', 1929),
(581, 'Aditya Russel', 1981),
(582, 'Ladarius Wuckert', 1929),
(583, 'Wiley Frami', 1968),
(584, 'Nicole Reinger', 1970),
(585, 'Israel Ryan', 2014),
(586, 'Armand Smitham', 1949),
(587, 'Vincent Schuppe', 2003),
(588, 'Abelardo Lowe', 1999),
(589, 'Cathy Heaney', 1979),
(590, 'Saul Kuhlman', 1965),
(591, 'Isaiah Casper', 1965),
(592, 'Susanna Johns', 1934),
(593, 'Okey Quitzon', 1946),
(594, 'Jillian Collins', 1958),
(595, 'Devonte Bartoletti', 1932),
(596, 'Jaquelin Bashirian', 1973),
(597, 'Dameon Rohan', 1929),
(598, 'Theresia Pouros', 2011),
(599, 'Delphia Adams', 1941),
(600, 'Raymond Johnston', 1983),
(601, 'Jermaine Breitenberg', 1994),
(602, 'Alexane Hackett', 1979),
(603, 'Ambrose Little', 1955),
(604, 'Priscilla Hagenes', 1932),
(605, 'Alicia Koepp', 1987),
(606, 'Jadyn Roberts', 1971),
(607, 'Marietta Predovic', 1950),
(608, 'Angela O''Conner', 1993),
(609, 'Forest Leffler', 1962),
(610, 'Juwan O''Kon', 1960),
(611, 'Timmy Wilkinson', 1948),
(612, 'Lisa Adams', 1922),
(613, 'London Fay', 1991),
(614, 'Julian Jones', 1968),
(615, 'Christ Johnston', 1963),
(616, 'Wanda Torp', 1942),
(617, 'Dayne Schamberger', 1946),
(618, 'Mckenna Collins', 1991),
(619, 'Esteban Kerluke', 1965),
(620, 'Aida Pacocha', 1997),
(621, 'Cecile Leannon', 2007),
(622, 'Valentina Swift', 1955),
(623, 'Rollin Jenkins', 1964),
(624, 'Madeline Shields', 1970),
(625, 'Pearlie Cremin', 1947),
(626, 'Raoul Thiel', 1942),
(627, 'Elisa Howell', 1983),
(628, 'Clyde Greenholt', 2005),
(629, 'Buford Fadel', 2000),
(630, 'Kendrick Greenholt', 1976),
(631, 'Khalil Moore', 1975),
(632, 'Trudie Hermiston', 2009),
(633, 'Leilani Feeney', 1973),
(634, 'Arnaldo Cole', 1966),
(635, 'Orlando McGlynn', 2015),
(636, 'Nettie Vandervort', 2017),
(637, 'Israel Leannon', 1975),
(638, 'Dannie Raynor', 1948),
(639, 'Buck Witting', 1942),
(640, 'Al Schoen', 1984),
(641, 'Kamille Gorczany', 1931),
(642, 'Shanie Boehm', 1941),
(643, 'Vernice Stark', 1998),
(644, 'Friedrich Durgan', 1983),
(645, 'Marley Erdman', 1945),
(646, 'Cassandre Johnston', 1989),
(647, 'Susana Huel', 1950),
(648, 'Robb Buckridge', 1996),
(649, 'Agustina Heathcote', 2008),
(650, 'Donnie Schmeler', 1958),
(651, 'Mariano McDermott', 1962),
(652, 'Sincere Littel', 2004),
(653, 'Fiona Treutel', 1969),
(654, 'Nayeli Schimmel', 1925),
(655, 'Christopher Bode', 1950),
(656, 'Talia Littel', 1969),
(657, 'Alejandrin Wolff', 1974),
(658, 'Josue Buckridge', 1960),
(659, 'Euna Quigley', 1935),
(660, 'Evert Stracke', 1993),
(661, 'Emmet Pfannerstill', 1925),
(662, 'Harley Pouros', 1981),
(663, 'Daija Schiller', 1986),
(664, 'Gregorio Schroeder', 1971),
(665, 'Colt Cronin', 1979),
(666, 'Dena O''Connell', 1923),
(667, 'Jalon Breitenberg', 1999),
(668, 'Gonzalo Franecki', 2001),
(669, 'Robbie Crona', 1966),
(670, 'Adonis Lueilwitz', 2002),
(671, 'Maudie Anderson', 1923),
(672, 'Norma Kautzer', 1930),
(673, 'Adaline Rutherford', 1958),
(674, 'Marlon Pollich', 1994),
(675, 'Remington Murazik', 1936),
(676, 'Alek Hamill', 2014),
(677, 'Raquel Bogisich', 1925),
(678, 'Brandon Thompson', 1994),
(679, 'Treva Walsh', 1963),
(680, 'Dario Mayert', 1972),
(681, 'Carlo DuBuque', 1943),
(682, 'Roman Purdy', 1999),
(683, 'Jena Kessler', 1992),
(684, 'Jennie Frami', 2006),
(685, 'Lulu Sanford', 1961),
(686, 'Amely Marvin', 1981),
(687, 'Madalyn Schoen', 2003),
(688, 'Johnny Dooley', 1966),
(689, 'Orin Marks', 1932),
(690, 'Douglas Shanahan', 1969),
(691, 'Marcella Ryan', 1939),
(692, 'Rubie Lehner', 1968),
(693, 'John Wunsch', 2011),
(694, 'Freida Lind', 2007),
(695, 'Dan Hane', 2003),
(696, 'Christelle Kshlerin', 1930),
(697, 'Eve Torphy', 1954),
(698, 'Reggie Mayert', 1996),
(699, 'Mauricio Oberbrunner', 1920),
(700, 'Oma Bergnaum', 1933),
(701, 'Marc Effertz', 1980),
(702, 'Darian Schuster', 1966),
(703, 'Marina Schiller', 1944),
(704, 'Tod Littel', 1978),
(705, 'Maximilian Graham', 1946),
(706, 'Vernie Grant', 2006),
(707, 'Linda Medhurst', 1928),
(708, 'Alek Watsica', 2013),
(709, 'Camren Stanton', 1939),
(710, 'Helene Crona', 2007),
(711, 'Jaunita Rippin', 2010),
(712, 'Ottis Prohaska', 1952),
(713, 'Domenick Zemlak', 1969),
(714, 'Gail Kuvalis', 1988),
(715, 'Rupert Jenkins', 1954),
(716, 'Noble Cartwright', 1948),
(717, 'Joan Ritchie', 1955),
(718, 'Brendan Cormier', 1966),
(719, 'Amalia Nikolaus', 1947),
(720, 'Margarete Block', 2016),
(721, 'Donnell Gerlach', 1982),
(722, 'Frankie Klein', 1999),
(723, 'Marge Volkman', 1977),
(724, 'Tyrell Pollich', 1949),
(725, 'Garland Fritsch', 1929),
(726, 'Grayson D''Amore', 1971),
(727, 'Laurie Huel', 1991),
(728, 'Sunny VonRueden', 1961),
(729, 'Julian Heidenreich', 1978),
(730, 'Isai Rippin', 1925),
(731, 'Alvera Metz', 2010),
(732, 'Julius Bradtke', 1944),
(733, 'Amy Kulas', 2015),
(734, 'Kali Bogan', 1940),
(735, 'Melissa Macejkovic', 1924),
(736, 'Anissa Rosenbaum', 2008),
(737, 'General O''Conner', 1966),
(738, 'Nigel Blick', 1988),
(739, 'Delia Hilll', 1953),
(740, 'Cristopher Smitham', 1930),
(741, 'Cyrus Fahey', 1937),
(742, 'Judd Tromp', 1929),
(743, 'Genoveva Sporer', 1934),
(744, 'Rosemarie Heathcote', 1987),
(745, 'Kelsi Bednar', 1950),
(746, 'Joshuah Donnelly', 1955),
(747, 'Furman Koepp', 1978),
(748, 'Martina Bernhard', 1928),
(749, 'Laron Green', 1971),
(750, 'Dangelo Grady', 1992),
(751, 'Stephon Spencer', 1984),
(752, 'Russ Hammes', 2005),
(753, 'Alessandro Denesik', 1985),
(754, 'Verlie Paucek', 2010),
(755, 'Nelda Lemke', 1950),
(756, 'Paris Dickinson', 1921),
(757, 'Geovanni Rempel', 1936),
(758, 'William Sporer', 1957),
(759, 'Jonathon Lehner', 1935),
(760, 'Audrey Waters', 1980),
(761, 'Kianna Crist', 1975),
(762, 'Hattie West', 1969),
(763, 'Aleen Quigley', 1992),
(764, 'Isaac Kuhn', 1921),
(765, 'May Jerde', 1997),
(766, 'Maribel Weimann', 1973),
(767, 'Osvaldo Schneider', 1929),
(768, 'Jevon Spinka', 1974),
(769, 'Kelvin Waelchi', 2018),
(770, 'Dulce Heaney', 1998),
(771, 'Mayra Wehner', 1945),
(772, 'Alyson Hoppe', 1972),
(773, 'Fausto Hartmann', 1977),
(774, 'Preston Rowe', 1968),
(775, 'Ebba Wehner', 1943),
(776, 'Carmel Goyette', 1962),
(777, 'Lauryn Smith', 1978),
(778, 'Libby Hahn', 1932),
(779, 'Jordyn Bernier', 1950),
(780, 'Adele Stehr', 1922),
(781, 'Johan Rogahn', 1956),
(782, 'Tyshawn Roberts', 1974),
(783, 'Noel O''Hara', 1922),
(784, 'Delphine Harber', 1980),
(785, 'Vance Wuckert', 1924),
(786, 'Lenore Erdman', 2009),
(787, 'Emie Jakubowski', 1983),
(788, 'Kendra Parker', 1970),
(789, 'Coleman Boehm', 1981),
(790, 'Brandi Lemke', 1950),
(791, 'Cynthia Hayes', 1967),
(792, 'Kellen Greenholt', 1921),
(793, 'Bonita Hauck', 1939),
(794, 'Markus Jacobi', 1982),
(795, 'Gregoria Heidenreich', 1970),
(796, 'William Orn', 1952),
(797, 'Arnold Upton', 2004),
(798, 'Gunner Pouros', 1964),
(799, 'Gerardo Welch', 1926),
(800, 'Rylee Rodriguez', 1985),
(801, 'Timmy Nader', 1931),
(802, 'Milan Bartell', 2018),
(803, 'Braulio Hudson', 1988),
(804, 'Alexandre Kuhic', 2007),
(805, 'Merle Murray', 1920),
(806, 'Adolph Cruickshank', 1953),
(807, 'Zora Erdman', 1961),
(808, 'Eleazar Baumbach', 1981),
(809, 'Jada Schulist', 1983),
(810, 'Alexandrine Dare', 1954),
(811, 'Ubaldo Gislason', 1978),
(812, 'Kaitlin Roob', 1995),
(813, 'Jodie Parker', 1951),
(814, 'Jordyn Stehr', 1947),
(815, 'Ludwig Bechtelar', 1961),
(816, 'Wava Powlowski', 1926),
(817, 'Ibrahim Hintz', 1997),
(818, 'Moses Stokes', 1972),
(819, 'Dayne Nader', 1978),
(820, 'Jerrold Gibson', 1941),
(821, 'Evie Boyer', 1941),
(822, 'Eulah Boehm', 1942),
(823, 'Edwardo Daniel', 2006),
(824, 'Deion Lakin', 1967),
(825, 'Aidan Kub', 1956),
(826, 'Brooklyn O''Hara', 2018),
(827, 'Colten Kuhic', 1931),
(828, 'Krystina Medhurst', 1999),
(829, 'Keshawn Emard', 1959),
(830, 'Annabelle Grimes', 1932),
(831, 'Chad Altenwerth', 1961),
(832, 'Ava D''Amore', 1994),
(833, 'Angeline Gutmann', 2015),
(834, 'Clinton Pfannerstill', 1971),
(835, 'Chyna Dickinson', 2005),
(836, 'Eliane Ratke', 1957),
(837, 'Carmen Bradtke', 2017),
(838, 'Lavon Grimes', 1996),
(839, 'Bailey Rowe', 1969),
(840, 'Halle Russel', 2006),
(841, 'Reilly Ernser', 2006),
(842, 'Nettie Bernier', 1969),
(843, 'Andres Walker', 1950),
(844, 'Leonor Block', 1954),
(845, 'Alberto Abshire', 1999),
(846, 'Lawrence Jacobi', 1959),
(847, 'Tressie Goldner', 1969),
(848, 'Alda Upton', 1939),
(849, 'Buddy Marvin', 1990),
(850, 'Lura Zieme', 1960),
(851, 'Denis O''Hara', 1972),
(852, 'Avery Hirthe', 1965),
(853, 'Lucienne Kerluke', 1932),
(854, 'Frieda Ferry', 1998),
(855, 'Anjali Lowe', 1922),
(856, 'Lora Marvin', 1948),
(857, 'Werner Kutch', 1955),
(858, 'Bell Kozey', 1969),
(859, 'Frieda Schinner', 1951),
(860, 'Marjorie Mohr', 1969),
(861, 'Oswaldo Jerde', 2011),
(862, 'Stefan Herzog', 1962),
(863, 'Raoul Walter', 1982),
(864, 'Ethelyn Williamson', 2015),
(865, 'Doug Mante', 1923),
(866, 'Melvin Willms', 1955),
(867, 'Chadrick Langosh', 2018),
(868, 'Herman Osinski', 1969),
(869, 'Amber Cormier', 1937),
(870, 'Alfred Rempel', 1977),
(871, 'Callie Will', 2001),
(872, 'Lionel McGlynn', 2001),
(873, 'Samson Cummerata', 1938),
(874, 'Laurel Schuppe', 1984),
(875, 'Maida Nikolaus', 1973),
(876, 'Granville Shields', 2009),
(877, 'Jamey Olson', 2002),
(878, 'Vena Langosh', 1929),
(879, 'Jesse Herzog', 1993),
(880, 'Hilbert Stanton', 1940),
(881, 'Delphia Sanford', 1939),
(882, 'Alysson Dibbert', 1920),
(883, 'Briana O''Conner', 2017),
(884, 'Cora Spinka', 1998),
(885, 'Cecelia McClure', 1988),
(886, 'Fermin Ruecker', 1923),
(887, 'Verla O''Hara', 1951),
(888, 'Doris Marks', 1926),
(889, 'Nathan Dickinson', 1964),
(890, 'Mose Champlin', 1942),
(891, 'Art Kessler', 1951),
(892, 'Wilfredo Heathcote', 1924),
(893, 'Isac Morar', 1964),
(894, 'Kaleigh Gislason', 1937),
(895, 'Theresia Gerlach', 2000),
(896, 'Allen Schaden', 2012),
(897, 'Gunner Considine', 1978),
(898, 'Mercedes Kozey', 1939),
(899, 'Sigrid Wolf', 1940),
(900, 'Brendon Gutmann', 2018),
(901, 'Kayla Jacobson', 1971),
(902, 'Neva Cartwright', 1960),
(903, 'Jason Dicki', 1943),
(904, 'Lydia Ullrich', 1934),
(905, 'Kolby Johnson', 1958),
(906, 'Bruce Heller', 1950),
(907, 'Demarco Prosacco', 1960),
(908, 'Josephine Hansen', 2017),
(909, 'Lorine Hintz', 2015),
(910, 'Blake Bogisich', 1956),
(911, 'Rocky Halvorson', 1950),
(912, 'Jaeden Wyman', 2005),
(913, 'Madie D''Amore', 1933),
(914, 'Harmon Maggio', 1978),
(915, 'Mattie Rosenbaum', 1943),
(916, 'Irma Cole', 1925),
(917, 'Raleigh Rohan', 1981),
(918, 'Sophia Tillman', 1979),
(919, 'Kristoffer Bashirian', 1927),
(920, 'Kamille Buckridge', 1994),
(921, 'Hyman Herzog', 1930),
(922, 'Sammy Schulist', 1978),
(923, 'Rogers Carter', 1962),
(924, 'Juliana Kuhic', 1937),
(925, 'Chad Smith', 1933),
(926, 'Raven Senger', 1976),
(927, 'Narciso Dicki', 1943),
(928, 'Tamia Hagenes', 1953),
(929, 'Natalie Weimann', 1962),
(930, 'Melyssa Terry', 2013),
(931, 'Owen Buckridge', 1925),
(932, 'Gilberto Wolf', 1940),
(933, 'Jensen Shields', 2013),
(934, 'Mabelle Moen', 1921),
(935, 'Liliane Grady', 1946),
(936, 'Isabella Reilly', 1924),
(937, 'Jaida Runolfsson', 1941),
(938, 'Jody Schmeler', 2011),
(939, 'Jodie Legros', 1924),
(940, 'Norberto Cartwright', 2006),
(941, 'Carlie Christiansen', 1943),
(942, 'Jedidiah Robel', 1956),
(943, 'Bonnie Schaden', 2005),
(944, 'Tracey Hane', 2018),
(945, 'Linnea Bosco', 1977),
(946, 'Darby Greenfelder', 1922),
(947, 'Aracely Gulgowski', 1941),
(948, 'Gilberto Fritsch', 1930),
(949, 'Mozell Gottlieb', 1951),
(950, 'Brendan Tillman', 1964),
(951, 'Carlo Rempel', 1989),
(952, 'Antonina Kunde', 1967),
(953, 'Okey Cole', 1973),
(954, 'Skylar Hane', 2012),
(955, 'Christelle Leffler', 1963),
(956, 'Cydney Tillman', 1989),
(957, 'Eulalia Gorczany', 1943),
(958, 'Alana Pfeffer', 2001),
(959, 'Madilyn Runte', 2007),
(960, 'Brennon Romaguera', 1965),
(961, 'Amelie Zboncak', 2009),
(962, 'Harmony Sanford', 1978),
(963, 'Efren Lueilwitz', 1979),
(964, 'Bernice Koelpin', 1935),
(965, 'Jazmyn Davis', 2016),
(966, 'Duane DuBuque', 1991),
(967, 'Malvina Larson', 1959),
(968, 'Lesley Schiller', 1979),
(969, 'Coty Collier', 1923),
(970, 'Shania Johns', 1991),
(971, 'Laury Nienow', 1957),
(972, 'Ariel Spinka', 1953),
(973, 'Alford Russel', 1994),
(974, 'Rosendo Walter', 1952),
(975, 'Bennie Fay', 2000),
(976, 'Aric Lind', 1970),
(977, 'Roxanne Hodkiewicz', 1975),
(978, 'Carlee Konopelski', 1943),
(979, 'Annabell Kessler', 1939),
(980, 'Eleonore Douglas', 1983),
(981, 'Kaylah Jast', 1933),
(982, 'Savion Langworth', 2001),
(983, 'Orville Jaskolski', 1953),
(984, 'Lucas Flatley', 1963),
(985, 'Werner Schumm', 1978),
(986, 'Annamae Lakin', 1975),
(987, 'Patricia Collier', 1979),
(988, 'Juwan Barrows', 1923),
(989, 'Carson Kiehn', 1936),
(990, 'Brody Anderson', 1960),
(991, 'Briana Ritchie', 1976),
(992, 'Benjamin Greenholt', 1971),
(993, 'Clement Feest', 1990),
(994, 'Zackery Gusikowski', 1932),
(995, 'Ceasar Effertz', 1933),
(996, 'Brandy Daugherty', 1984),
(997, 'Lynn Zulauf', 2012),
(998, 'Lorna Lakin', 1926),
(999, 'Alvah Bahringer', 1957),
(1000, 'Ayana Quitzon', 1927),
(1001, 'Mackenzie Nikolaus', 1958),
(1002, 'Torrey Labadie', 1969),
(1003, 'Sandy Strosin', 1971),
(1004, 'Antwan Swift', 1947),
(1005, 'Roselyn Schinner', 2002),
(1006, 'Jamison Hettinger', 2000),
(1007, 'Stephon Barton', 1945),
(1008, 'Josie Kuhn', 1921),
(1009, 'Jaquelin Kutch', 1942),
(1010, 'Jessy Berge', 1946),
(1011, 'Briana Boyer', 1971),
(1012, 'Luella Heaney', 1985),
(1013, 'Myles Feil', 1990),
(1014, 'Loren Gerlach', 1950),
(1015, 'Braeden Mayer', 1932),
(1016, 'Mafalda Schaefer', 1990),
(1017, 'Darrel Mayert', 1985),
(1018, 'Kennedi Dietrich', 1986),
(1019, 'Raleigh Cole', 1934),
(1020, 'Genoveva Koelpin', 1920),
(1021, 'Donato Hills', 2000),
(1022, 'Deontae Wehner', 1997),
(1023, 'Nelle Doyle', 1965),
(1024, 'Charley Renner', 1932),
(1025, 'Bernadine Glover', 1996),
(1026, 'Vella Huels', 2010),
(1027, 'Sibyl Schultz', 1990),
(1028, 'Jovan Gleason', 1967),
(1029, 'Leonor Marks', 2009),
(1030, 'Rosina Skiles', 1940),
(1031, 'Joey Hermiston', 1996),
(1032, 'Maymie Hettinger', 2008),
(1033, 'Jesus Swaniawski', 1983),
(1034, 'Fabian Vandervort', 1977),
(1035, 'Derrick Bednar', 2003),
(1036, 'Justyn Koch', 2011),
(1037, 'Stanford Steuber', 1992),
(1038, 'Darryl Kulas', 1983),
(1039, 'Eleanore Rohan', 1930),
(1040, 'Era Nolan', 1956),
(1041, 'Shana Tromp', 1956),
(1042, 'Delfina Ortiz', 1957),
(1043, 'Felipe Jakubowski', 2009),
(1044, 'Shea Kling', 1971),
(1045, 'Doug Littel', 2009),
(1046, 'Brandi Gleason', 1940),
(1047, 'Lourdes Block', 1931),
(1048, 'Ward Wiegand', 2016),
(1049, 'Janis Goldner', 2005),
(1050, 'Breana Jaskolski', 1980),
(1051, 'Parker Daniel', 1942),
(1052, 'Dominique Koss', 1920),
(1053, 'Cruz Altenwerth', 1958),
(1054, 'Jaquan Davis', 1925),
(1055, 'Alan Ankunding', 1959),
(1056, 'Creola Williamson', 2013),
(1057, 'Naomi Dach', 1967),
(1058, 'Skyla Pfeffer', 1975),
(1059, 'Derrick Ullrich', 2013),
(1060, 'Giovanna Ryan', 1959),
(1061, 'Johanna Ernser', 2018),
(1062, 'Eldon Boyle', 1947),
(1063, 'Electa Abshire', 1927),
(1064, 'Soledad Vandervort', 1945),
(1065, 'Reid Cruickshank', 2009),
(1066, 'Angelica Wiegand', 2012),
(1067, 'Kira Gerlach', 1950),
(1068, 'Taylor Howell', 1943),
(1069, 'Branson Tremblay', 1968),
(1070, 'Mallie Ankunding', 1975),
(1071, 'Angela Senger', 1943),
(1072, 'Zachariah Windler', 2014),
(1073, 'Amina Rempel', 2010),
(1074, 'Bradford VonRueden', 2014),
(1075, 'Scottie Stamm', 1945),
(1076, 'Danyka Bins', 1971),
(1077, 'Malika Dietrich', 2014),
(1078, 'Adelle Schultz', 1971),
(1079, 'Arnulfo Medhurst', 2002),
(1080, 'Noelia Cruickshank', 1940),
(1081, 'Pattie Murray', 2018),
(1082, 'Jordane Skiles', 1928),
(1083, 'Alana Simonis', 1939),
(1084, 'Triston Adams', 1942),
(1085, 'Alanna Kling', 1953),
(1086, 'Flossie Bauch', 1973),
(1087, 'Wilfredo Tromp', 2001),
(1088, 'Violette Abbott', 2001),
(1089, 'Lela Beatty', 1920),
(1090, 'Mike Upton', 1956),
(1091, 'Brady Greenholt', 1975),
(1092, 'Merritt Hartmann', 1948),
(1093, 'Vida Herzog', 1921),
(1094, 'Chad DuBuque', 1944),
(1095, 'Emmy Reilly', 1938),
(1096, 'Mossie Yundt', 1955),
(1097, 'Charlene Reilly', 1974),
(1098, 'Eladio Sauer', 1946),
(1099, 'George Shanahan', 1982)   

INSERT INTO Character (Id, Name, ActorId, Stardate) VALUES 
    (1, 'James T. Kirk', 1, 2233.04),
    (2, 'Spock', 2, 2230.06),
    (3, 'Leonard McCoy', 3, 2227.00),
    (4, 'Montgomery Scott', 4, 2222.00),
    (5, 'Uhura', 5, 2233.00),
    (6, 'Hikaru Sulu', 6, 2237.00),
    (7, 'Pavel Chekov', 7, 2245.00),
    (8, 'Jean-Luc Picard', 8, 2305.07),
    (9, 'William Riker', 9, 2335.08),
    (10, 'Data', 10, 2336.00),
    (11, 'Worf', 11, 2340.00),
    (12, 'Beverly Crusher', 12, 2324.00),
    (13, 'Deanna Troi', 13, 2336.00),
    (14, 'Geordi La Forge', 14, 2335.02),
    (15, 'Kathryn Janeway', 15, 2336.05),
    (16, 'Chakotay', 16, 2329.00),
    (17, 'Tuvok', 17, 2264.00),
    (18, 'B''Elanna Torres', 18, 2349.00),
    (19, 'Tom Paris', 19, 2346.00),
    (20, 'Harry Kim', 20, 2349.00),
    (21, 'The Doctor', 21, 2371.00), -- Stardate of activation
    (22, 'Seven of Nine', 22, 2348.00),
    (23, 'Benjamin Sisko', 23, 2332.00),
    (24, 'Kira Nerys', 24, 2343.00),
    (25, 'Odo', 25, 2337.00), -- Approximate stardate of discovery
    (27, 'Jadzia Dax', 26, 2341.00),
    (28, 'Julian Bashir', 27, 2341.00),
    (29, 'Quark', 28, 2333.00),
    (30, 'Jake Sisko', 29, 2355.00),
    (31, 'Jonathan Archer', 30, 2112.00),
    (32, 'T''Pol', 31, 2088.00),
    (33, 'Phlox', 32, 2102.00),
    (34, 'Charles "Trip" Tucker III', 33, 2121.00),
    (35, 'Malcolm Reed', 34, 2117.00),
    (36, 'Hoshi Sato', 35, 2129.00),
    (37, 'Travis Mayweather', 36, 2126.00);

INSERT INTO Series_Character (SeriesId, CharacterId, Role) VALUES 
    (1, 1, 'Captain'), -- James T. Kirk in Star Trek
    (1, 2, 'Science Officer'), -- Spock in Star Trek
    (1, 3, 'Doctor'), -- Leonard McCoy in Star Trek
    (1, 4, 'Engineer'), -- Montgomery Scott in Star Trek
    (1, 5, 'Communications Officer'), -- Uhura in Star Trek
    (1, 6, 'Helmsman'), -- Hikaru Sulu in Star Trek
    (1, 7, 'Navigator'), -- Pavel Chekov in Star Trek
    (2, 8, 'Captain'), -- Jean-Luc Picard in Star Trek: The Next Generation
    (2, 9, 'First Officer'), -- William Riker in Star Trek: The Next Generation
    (2, 10, 'Operations Officer'),-- Data in Star Trek: The Next Generation
    (2, 11, 'Security Officer'),-- Worf in Star Trek: The Next Generation
    (2, 12, 'Doctor'),-- Beverly Crusher in Star Trek: The Next Generation
    (2, 13, 'Counselor'),-- Deanna Troi in Star Trek: The Next Generation
    (2, 14, 'Engineer'),-- Geordi La Forge in Star Trek: The Next Generation
    (3, 15, 'Captain'),-- Kathryn Janeway in Star Trek: Voyager
    (3, 16, 'First Officer'),-- Chakotay in Star Trek: Voyager
    (3, 17, 'Tactical Officer'),-- Tuvok in Star Trek: Voyager
    (3, 18, 'Engineer'),-- B'Elanna Torres in Star Trek: Voyager
    (3, 19, 'Helmsman'),-- Tom Paris in Star Trek: Voyager
    (3, 20, 'Operations Officer'),-- Harry Kim in Star Trek: Voyager
    (3, 21, 'Doctor'),-- The Doctor in Star Trek: Voyager
    (3, 22, 'Astrometrics Officer'),-- Seven of Nine in Star Trek: Voyager
    (4, 23, 'Commanding Officer'),-- Benjamin Sisko in Star Trek: Deep Space Nine
    (4, 24, 'First Officer'),-- Kira Nerys in Star Trek: Deep Space Nine
    (4, 25, 'Security Officer'),-- Odo in Star Trek: Deep Space Nine
    (4, 11, 'Strategic Operations Officer'),-- Worf in Star Trek: Deep Space Nine
    (4, 27, 'Science Officer'),-- Jadzia Dax in Star Trek: Deep Space Nine
    (4, 28, 'Doctor'),-- Julian Bashir in Star Trek: Deep Space Nine
    (4, 29, 'Bar Owner'),-- Quark in Star Trek: Deep Space Nine
    (4, 30, 'Civilian'),-- Jake Sisko in Star Trek: Deep Space Nine
    (5, 31, 'Captain'),-- Jonathan Archer in Star Trek: Enterprise
    (5, 32, 'Science Officer'),-- T'Pol in Star Trek: Enterprise
    (5, 33, 'Doctor'),-- Phlox in Star Trek: Enterprise
    (5, 34, 'Chief Engineer'),-- Charles "Trip" Tucker III in Star Trek: Enterprise
    (5, 35, 'Armory Officer'),-- Malcolm Reed in Star Trek: Enterprise
    (5, 36, 'Communications Officer'),-- Hoshi Sato in Star Trek: Enterprise
    (5, 37, 'Helmsman');-- Travis Mayweather in Star Trek: Enterprise

INSERT INTO Character_Species (CharacterId, SpeciesId) VALUES 
    (1, 1),  -- James T. Kirk is Human
    (2, 2),  -- Spock is Vulcan
    (2, 1),  -- Spock is also Human
    (3, 1),  -- Leonard McCoy is Human
    (4, 1),  -- Montgomery Scott is Human
    (5, 1),  -- Uhura is Human
    (6, 1),  -- Hikaru Sulu is Human
    (7, 1),  -- Pavel Chekov is Human
    (8, 1),  -- Jean-Luc Picard is Human
    (9, 1),  -- William Riker is Human
    (10, 3), -- Data is Android
    (11, 4), -- Worf is Klingon
    (12, 1), -- Beverly Crusher is Human
    (13, 1), -- Deanna Troi is Human
    (13, 5), -- Deanna Troi is also Betazoid
    (14, 1), -- Geordi La Forge is Human
    (15, 1), -- Kathryn Janeway is Human
    (16, 1), -- Chakotay is Human
    (17, 2), -- Tuvok is Vulcan
    (18, 1), -- B'Elanna Torres is Human
    (18, 4), -- B'Elanna Torres is also Klingon
    (19, 1), -- Tom Paris is Human
    (20, 1), -- Harry Kim is Human
    (21, 6), -- The Doctor is a Hologram
    (22, 1), -- Seven of Nine is Human
    (22, 12),-- Seven of Nine is also Borg
    (23, 1), -- Benjamin Sisko is Human
    (24, 7), -- Kira Nerys is Bajoran
    (25, 8), -- Odo is Changeling
    (27, 9), -- Jadzia Dax is Trill
    (28, 1), -- Julian Bashir is Human
    (29, 10),-- Quark is Ferengi
    (30, 1), -- Jake Sisko is Human
    (31, 1), -- Jonathan Archer is Human
    (32, 2), -- T'Pol is Vulcan
    (33, 11),-- Phlox is Denobulan
    (34, 1), -- Charles "Trip" Tucker III is Human
    (35, 1), -- Malcolm Reed is Human
    (36, 1), -- Hoshi Sato is Human
    (37, 1); -- Travis Mayweather is Human